INSERT INTO Brokers (broker_id, company_name, mc_number, dot_number, credit_score, load_number) VALUES
(1, 'JB Hunt', '12345', '67890', 'A', 15),
(2, 'TQL', '54321', '09876', 'B', 22),
(3, 'Hub Group', '11111', '22222', 'C', 5),
(4, 'Landstar', '11223', '33445', 'A', 12),
(5, 'XPO Logistics', '22334', '55678', 'B', 18),
(6, 'Coyote Logistics', '33445', '66789', 'C', 7),
(7, 'Echo Global', '44556', '77890', 'A', 20),
(8, 'CH Robinson', '55667', '88901', 'B', 25),
(9, 'Werner Enterprises', '66778', '99012', 'C', 9),
(10, 'Schneider', '77889', '10123', 'B', 30),
(11, 'Transplace', '88990', '21234', 'A', 16),
(12, 'Swift Logistics', '99001', '32345', 'C', 10),
(13, 'JTS Logistics', '10112', '43456', 'B', 22),
(14, 'Redwood Logistics', '11223', '54567', 'A', 19),
(15, 'Arrive Logistics', '22334', '65678', 'B', 12),
(16, 'Convoy', '33445', '76789', 'C', 6),
(17, 'Penske Logistics', '44556', '87890', 'A', 14),
(18, 'Ryder Supply Chain', '55667', '98901', 'B', 24),
(19, 'KAG Logistics', '66778', '09012', 'C', 8),
(20, 'UPS Supply Chain', '77889', '20123', 'A', 11);



INSERT INTO Trucks (truck_id, make, model, vin, license_plate, registration, physical_insurance, owner, expenses, driver_id) VALUES
(1, 'Freightliner', 'Cascadia', '1FTMF1E13MKD00100', 'AB1234', 'REG56789', 'INS123456', 'John Doe', 10000.5, 1),
(2, 'Volvo', 'VNL', '2FTMF1E13MKD00200', 'CD5678', 'REG98765', 'INS654321', 'Jane Smith', 12500.0, 2),
(3, 'Kenworth', 'T680', '3FTMF1E13MKD00300', 'EF9012', 'REG12345', 'INS789012', 'Alice Brown', 9800.75, 3),
(4, 'Peterbilt', '579', '4FTMF1E13MKD00400', 'GH3456', 'REG45678', 'INS234567', 'Michael King', 11200.25, 4),
(5, 'Mack', 'Anthem', '5FTMF1E13MKD00500', 'IJ5678', 'REG87654', 'INS345678', 'Sarah Lee', 13450.6, 5),
(6, 'Western Star', '4900', '6FTMF1E13MKD00600', 'KL7890', 'REG23456', 'INS456789', 'David Parker', 9800.0, 6),
(7, 'Freightliner', 'M2', '7FTMF1E13MKD00700', 'MN0123', 'REG54321', 'INS567890', 'Emily White', 15000.75, 7),
(8, 'Volvo', 'VNR', '8FTMF1E13MKD00800', 'OP3456', 'REG67890', 'INS678901', 'Chris Brown', 12900.9, 8),
(9, 'Kenworth', 'W900', '9FTMF1E13MKD00900', 'QR6789', 'REG34567', 'INS789012', 'Linda Green', 9900.25, 9),
(10, 'Peterbilt', '389', 'AFTMF1E13MKD01000', 'ST9012', 'REG12389', 'INS890123', 'George Black', 14500.4, 10),
(11, 'Mack', 'Pinnacle', 'BFTMF1E13MKD01100', 'UV1234', 'REG45632', 'INS901234', 'Anna Gray', 11750.0, 11),
(12, 'Western Star', '5700', 'CFTMF1E13MKD01200', 'WX3456', 'REG67821', 'INS012345', 'Kevin Brown', 13000.5, 12),
(13, 'Freightliner', '108SD', 'DFTMF1E13MKD01300', 'YZ5678', 'REG23490', 'INS123456', 'Natalie Jones', 11300.8, 13),
(14, 'Volvo', 'FH16', 'EFTMF1E13MKD01400', 'AB7890', 'REG34521', 'INS234567', 'Oscar White', 12550.6, 14),
(15, 'Kenworth', 'T880', 'FFTMF1E13MKD01500', 'CD0123', 'REG45678', 'INS345678', 'Isabella Turner', 10800.75, 15),
(16, 'Peterbilt', '567', 'GFTMF1E13MKD01600', 'EF3456', 'REG56789', 'INS456789', 'Robert Young', 9900.25, 16),
(17, 'Mack', 'Granite', 'HFTMF1E13MKD01700', 'GH6789', 'REG12345', 'INS567890', 'Samantha Black', 13600.45, 17),
(18, 'Western Star', '6900', 'IFTMF1E13MKD01800', 'IJ9012', 'REG45678', 'INS678901', 'James White', 12800.9, 18),
(19, 'Freightliner', '114SD', 'JFTMF1E13MKD01900', 'KL1234', 'REG78901', 'INS789012', 'Elizabeth Clark', 14000.0, 19),
(20, 'Volvo', 'FH12', 'KFTMF1E13MKD02000', 'MN5678', 'REG34567', 'INS890123', 'Victor Wilson', 15500.0, 20);



INSERT INTO Trucks (truck_id, make, model, vin, license_plate, registration, physical_insurance, owner, expenses, driver_id) VALUES
(1, 'Freightliner', 'Cascadia', '1FTMF1E13MKD00100', 'AB1234', 'REG56789', 'INS123456', 'John Doe', 10000, 1),
(2, 'Volvo', 'VNL', '2FTMF1E13MKD00200', 'CD5678', 'REG98765', 'INS654321', 'Jane Smith', 12500, 2),
(3, 'Kenworth', 'T680', '3FTMF1E13MKD00300', 'EF9012', 'REG12345', 'INS789012', 'Alice Brown', 9800, 3),
(4, 'Peterbilt', '579', '4FTMF1E13MKD00400', 'GH3456', 'REG45678', 'INS234567', 'Michael King', 11200, 4),
(5, 'Mack', 'Anthem', '5FTMF1E13MKD00500', 'IJ5678', 'REG87654', 'INS345678', 'Sarah Lee', 13450, 5),
(6, 'Western Star', '4900', '6FTMF1E13MKD00600', 'KL7890', 'REG23456', 'INS456789', 'David Parker', 9800, 6),
(7, 'Freightliner', 'M2', '7FTMF1E13MKD00700', 'MN0123', 'REG54321', 'INS567890', 'Emily White', 15000, 7),
(8, 'Volvo', 'VNR', '8FTMF1E13MKD00800', 'OP3456', 'REG67890', 'INS678901', 'Chris Brown', 12900, 8),
(9, 'Kenworth', 'W900', '9FTMF1E13MKD00900', 'QR6789', 'REG34567', 'INS789012', 'Linda Green', 9900, 9),
(10, 'Peterbilt', '389', 'AFTMF1E13MKD01000', 'ST9012', 'REG12389', 'INS890123', 'George Black', 14500, 10),
(11, 'Mack', 'Pinnacle', 'BFTMF1E13MKD01100', 'UV1234', 'REG45632', 'INS901234', 'Anna Gray', 11750, 11),
(12, 'Western Star', '5700', 'CFTMF1E13MKD01200', 'WX3456', 'REG67821', 'INS012345', 'Kevin Brown', 13000, 12),
(13, 'Freightliner', '108SD', 'DFTMF1E13MKD01300', 'YZ5678', 'REG23490', 'INS123456', 'Natalie Jones', 11300, 13),
(14, 'Volvo', 'FH16', 'EFTMF1E13MKD01400', 'AB7890', 'REG34521', 'INS234567', 'Oscar White', 12550, 14),
(15, 'Kenworth', 'T880', 'FFTMF1E13MKD01500', 'CD0123', 'REG45678', 'INS345678', 'Isabella Turner', 10800, 15),
(16, 'Peterbilt', '567', 'GFTMF1E13MKD01600', 'EF3456', 'REG56789', 'INS456789', 'Robert Young', 9900, 16),
(17, 'Mack', 'Granite', 'HFTMF1E13MKD01700', 'GH6789', 'REG12345', 'INS567890', 'Samantha Black', 13600, 17),
(18, 'Western Star', '6900', 'IFTMF1E13MKD01800', 'IJ9012', 'REG45678', 'INS678901', 'James White', 12800, 18),
(19, 'Freightliner', '114SD', 'JFTMF1E13MKD01900', 'KL1234', 'REG78901', 'INS789012', 'Elizabeth Clark', 14000, 19),
(20, 'Volvo', 'FH12', 'KFTMF1E13MKD02000', 'MN5678', 'REG34567', 'INS890123', 'Victor Wilson', 15500, 20);


INSERT INTO Carriers (carrier_id, carrier_name, insurance_policy_number, dot_number, mc_number, number_of_trucks) VALUES
(2, 'Easy Pack Inc.', '654321', '33333', '44444', 12),
(3, 'Limitless Cargo LLC', '789012', '55555', '66666', 16),
(4, 'Prime Transport LLC', '234567', '77777', '88888', 25),
(5, 'National Freight Inc.', '345678', '99999', '00000', 30),
(6, 'Blue Sky Logistics', '456789', '12321', '32123', 45),
(7, 'Eagle Transport', '567890', '45454', '54545', 22),
(8, 'Global Haulers', '678901', '67676', '76767', 18),
(9, 'Highway Express', '789012', '89898', '98989', 50),
(10, 'Swift Movers', '890123', '10101', '20202', 35),
(11, 'North Star Trucking', '901234', '30303', '40404', 28),
(12, 'Cargo USA', '012345', '50505', '60606', 40),
(13, 'Atlas Transportation', '112233', '70707', '80808', 15),
(14, 'Pioneer Freight', '223344', '90909', '01010', 55),
(15, 'Metro Logistics', '334455', '11111', '21212', 38),
(16, 'Fast Lane Transport', '445566', '31313', '41414', 42),
(17, 'RoadRunners Inc.', '556677', '51515', '61616', 20),
(18, 'Champion Carriers', '667788', '71717', '81818', 24),
(19, 'Patriot Transport', '778899', '91919', '02020', 33),
(20, 'Oceanic Movers', '889900', '12121', '23232', 27);


INSERT INTO Drivers (driver_id, name, phone_number, carrier_id, payment_type, bank_info, medical_card) VALUES
(1, 'Serhii Panchenko', '600-123-4567', 1, 'Wire Transfer', 'Chase Bank', '123456'),
(2, 'Atabay Esenov', '600-234-5678', 2, 'Zelle', 'Wells Fargo', '654321'),
(3, 'Chary Asimov', '600-345-6789', 3, 'Check', 'Bank of America', '789012'),
(4, 'Marat Berdiev', '600-456-7890', 1, 'Wire Transfer', 'Chase Bank', '890123'),
(5, 'Azamat Hojamamedov', '600-567-8901', 2, 'Zelle', 'Wells Fargo', '901234'),
(6, 'Serdar Nuryyev', '600-678-9012', 3, 'Check', 'Bank of America', '012345'),
(7, 'Aleksei Ivanov', '600-789-0123', 1, 'Wire Transfer', 'Chase Bank', '234567'),
(8, 'Igor Sidorov', '600-890-1234', 2, 'Zelle', 'Wells Fargo', '345678'),
(9, 'Ruslan Karimov', '600-901-2345', 3, 'Check', 'Bank of America', '456789'),
(10, 'Timur Yusupov', '600-012-3456', 1, 'Wire Transfer', 'Chase Bank', '567890'),
(11, 'Nikolay Kuznetsov', '600-123-4567', 2, 'Zelle', 'Wells Fargo', '678901'),
(12, 'Dmitriy Ulyanov', '600-234-5678', 3, 'Check', 'Bank of America', '789012'),
(13, 'Maksat Atayev', '600-345-6789', 1, 'Wire Transfer', 'Chase Bank', '890123'),
(14, 'Berdimyrat Meredov', '600-456-7890', 2, 'Zelle', 'Wells Fargo', '901234'),
(15, 'Hojaguly Ovezov', '600-567-8901', 3, 'Check', 'Bank of America', '012345'),
(16, 'Azim Arazov', '600-678-9012', 1, 'Wire Transfer', 'Chase Bank', '234567'),
(17, 'Rustem Begly', '600-789-0123', 2, 'Zelle', 'Wells Fargo', '345678'),
(18, 'Yakub Charyev', '600-890-1234', 3, 'Check', 'Bank of America', '456789'),
(19, 'Anton Petrov', '600-901-2345', 1, 'Wire Transfer', 'Chase Bank', '567890'),
(20, 'Oleg Grigoryev', '600-012-3456', 2, 'Zelle', 'Wells Fargo', '678901'),
(21, 'Anatoliy Sokolov', '600-123-4567', 3, 'Check', 'Bank of America', '789012'),
(22, 'Myrat Annayev', '600-234-5678', 1, 'Wire Transfer', 'Chase Bank', '890123'),
(23, 'Gurban Gurbanov', '600-345-6789', 2, 'Zelle', 'Wells Fargo', '901234'),
(24, 'Didar Berdymyradov', '600-456-7890', 3, 'Check', 'Bank of America', '012345'),
(25, 'Alym Gulyev', '600-567-8901', 1, 'Wire Transfer', 'Chase Bank', '234567'),
(26, 'Yusup Hojamuradov', '600-678-9012', 2, 'Zelle', 'Wells Fargo', '345678'),
(27, 'Myrat Agamuradov', '600-789-0123', 3, 'Check', 'Bank of America', '456789'),
(28, 'Aleksandr Ivanov', '600-890-1234', 1, 'Wire Transfer', 'Chase Bank', '567890');

INSERT INTO Drivers (driver_id, name, phone_number, carrier_id, payment_type, bank_info, medical_card) VALUES
(29, 'Ivan Petrov', '601-123-4567', 4, 'Wire Transfer', 'Citibank', '101112'),
(30, 'Maksym Bondarenko', '601-234-5678', 5, 'Zelle', 'Bank of America', '202213'),
(31, 'Andriy Sokolov', '601-345-6789', 6, 'Check', 'Wells Fargo', '303314'),
(32, 'Dmitro Shvets', '601-456-7890', 7, 'Wire Transfer', 'Chase Bank', '404415'),
(33, 'Sergey Volkov', '601-567-8901', 8, 'Zelle', 'Bank of America', '505516'),
(34, 'Nikolay Lavrov', '601-678-9012', 9, 'Check', 'Wells Fargo', '606617'),
(35, 'Yuriy Shishkin', '601-789-0123', 10, 'Wire Transfer', 'Citibank', '707718'),
(36, 'Andriy Romanov', '601-890-1234', 11, 'Zelle', 'Chase Bank', '808819'),
(37, 'Valeriy Zaitsev', '601-901-2345', 12, 'Check', 'Bank of America', '909920'),
(38, 'Ivan Fedorov', '601-012-3456', 13, 'Wire Transfer', 'Wells Fargo', '010101'),
(39, 'Maxim Vinogradov', '601-123-4567', 14, 'Zelle', 'Citibank', '111112'),
(40, 'Oleksiy Tsymbalyuk', '601-234-5678', 15, 'Check', 'Bank of America', '121213'),
(41, 'Yaroslav Klimov', '601-345-6789', 16, 'Wire Transfer', 'Wells Fargo', '131314'),
(42, 'Oleh Hrytsenko', '601-456-7890', 17, 'Zelle', 'Chase Bank', '141415'),
(43, 'Vladyslav Marchenko', '601-567-8901', 18, 'Check', 'Bank of America', '151516'),
(44, 'Vitaliy Stepanov', '601-678-9012', 19, 'Wire Transfer', 'Citibank', '161617'),
(45, 'Mykola Holub', '601-789-0123', 20, 'Zelle', 'Wells Fargo', '171718'),
(46, 'Artem Ivanov', '601-890-1234', 4, 'Check', 'Chase Bank', '181819'),
(47, 'Maksym Medvedev', '601-901-2345', 5, 'Wire Transfer', 'Bank of America', '191920'),
(48, 'Stanislav Pavlov', '601-012-3456', 6, 'Zelle', 'Citibank', '202021'),
(49, 'Roman Zhdanov', '601-123-4567', 7, 'Check', 'Chase Bank', '212122'),
(50, 'Vadim Kuznetsov', '601-234-5678', 8, 'Wire Transfer', 'Wells Fargo', '222223'),
(51, 'Yuriy Rodin', '601-345-6789', 9, 'Zelle', 'Bank of America', '232324'),
(52, 'Volodymyr Savchenko', '601-456-7890', 10, 'Check', 'Chase Bank', '242425'),
(53, 'Oleksandr Sobol', '601-567-8901', 11, 'Wire Transfer', 'Citibank', '252526'),
(54, 'Pavlo Yaremchuk', '601-678-9012', 12, 'Zelle', 'Wells Fargo', '262627'),
(55, 'Serhiy Kotov', '601-789-0123', 13, 'Check', 'Bank of America', '272728'),
(56, 'Vyacheslav Pokhvalsky', '601-890-1234', 14, 'Wire Transfer', 'Chase Bank', '282829'),
(57, 'Oleh Korol', '601-901-2345', 15, 'Zelle', 'Wells Fargo', '292930'),
(58, 'Oleksiy Soloviy', '601-012-3456', 16, 'Check', 'Citibank', '303031');


INSERT INTO Drivers (driver_id, name, phone_number, carrier_id, payment_type, bank_info, medical_card) VALUES
(59, 'John Smith', '602-123-4567', 4, 'Wire Transfer', 'Chase Bank', '313213'),
(60, 'Michael Johnson', '602-234-5678', 5, 'Zelle', 'Wells Fargo', '324324'),
(61, 'David Williams', '602-345-6789', 6, 'Check', 'Bank of America', '335335'),
(62, 'James Brown', '602-456-7890', 7, 'Wire Transfer', 'Citibank', '346346'),
(63, 'Robert Jones', '602-567-8901', 8, 'Zelle', 'Chase Bank', '357357'),
(64, 'William Garcia', '602-678-9012', 9, 'Check', 'Bank of America', '368368'),
(65, 'Charles Miller', '602-789-0123', 10, 'Wire Transfer', 'Wells Fargo', '379379'),
(66, 'Thomas Davis', '602-890-1234', 11, 'Zelle', 'Citibank', '380380'),
(67, 'Christopher Martinez', '602-901-2345', 12, 'Check', 'Chase Bank', '391391'),
(68, 'Daniel Anderson', '602-012-3456', 13, 'Wire Transfer', 'Bank of America', '402402'),
(69, 'Matthew Taylor', '602-123-4567', 14, 'Zelle', 'Wells Fargo', '413413'),
(70, 'Anthony Thomas', '602-234-5678', 15, 'Check', 'Chase Bank', '424424'),
(71, 'Mark Hernandez', '602-345-6789', 16, 'Wire Transfer', 'Citibank', '435435'),
(72, 'Andrew Moore', '602-456-7890', 17, 'Zelle', 'Bank of America', '446446'),
(73, 'Joshua Martin', '602-567-8901', 18, 'Check', 'Wells Fargo', '457457'),
(74, 'Joseph Jackson', '602-678-9012', 19, 'Wire Transfer', 'Chase Bank', '468468'),
(75, 'Samuel White', '602-789-0123', 20, 'Zelle', 'Bank of America', '479479'),
(76, 'John Harris', '602-890-1234', 4, 'Check', 'Wells Fargo', '480480'),
(77, 'Paul Clark', '602-901-2345', 5, 'Wire Transfer', 'Citibank', '491491'),
(78, 'Steven Lewis', '602-012-3456', 6, 'Zelle', 'Bank of America', '502502'),
(79, 'Kenneth Walker', '602-123-4567', 7, 'Check', 'Chase Bank', '513513'),
(80, 'George Hall', '602-234-5678', 8, 'Wire Transfer', 'Wells Fargo', '524524'),
(81, 'Frank Allen', '602-345-6789', 9, 'Zelle', 'Bank of America', '535535'),
(82, 'Henry Young', '602-456-7890', 10, 'Check', 'Citibank', '546546'),
(83, 'Jack Hernandez', '602-567-8901', 11, 'Wire Transfer', 'Wells Fargo', '557557'),
(84, 'Brian King', '602-678-9012', 12, 'Zelle', 'Chase Bank', '568568'),
(85, 'Richard Wright', '602-789-0123', 13, 'Check', 'Bank of America', '579579'),
(86, 'Scott Lopez', '602-890-1234', 14, 'Wire Transfer', 'Wells Fargo', '590590'),
(87, 'Edward Green', '602-901-2345', 15, 'Zelle', 'Citibank', '601601'),
(88, 'Jason Baker', '602-012-3456', 16, 'Check', 'Bank of America', '612612');



INSERT INTO Dispatchers (dispatcher_id, name, phone_number, carrier_id, payment_type, bank_info) VALUES
(1, 'Dovran Rejepov', '700-123-4567', 1, 'Zelle', '49837123'),
(2, 'Ramiro Cuevas', '700-234-5678', 1, 'Wise', 'rcuevas72'),
(3, 'David Chapelle', '700-345-6789', 2, 'Western Union', '7003456789'),
(4, 'Mike Johnson', '700-456-7890', 3, 'Zelle', 'mjohnson12'),
(5, 'Sarah Smith', '700-567-8901', 4, 'Wise', 'ssmith54'),
(6, 'Daniel Brown', '700-678-9012', 5, 'Western Union', 'dbrown'),
(7, 'Jessica White', '700-789-0123', 6, 'Zelle', 'jwhite'),
(8, 'Chris Adams', '700-890-1234', 7, 'Wise', 'cadams01'),
(9, 'Angela Martin', '700-901-2345', 8, 'Western Union', 'amartin99'),
(10, 'Michael Clark', '700-012-3456', 9, 'Zelle', 'mclark3'),
(11, 'Matthew Lewis', '700-123-4568', 10, 'Wise', 'mlewis'),
(12, 'Emily Walker', '700-234-5679', 11, 'Western Union', 'ewalker'),
(13, 'Joshua Robinson', '700-345-6781', 12, 'Zelle', 'jrobinson21'),
(14, 'Rachel Young', '700-456-7892', 13, 'Wise', 'ryoung05'),
(15, 'Jacob King', '700-567-8903', 14, 'Western Union', 'jking72'),
(16, 'Sophia Allen', '700-678-9014', 15, 'Zelle', 'sallen03'),
(17, 'Brian Scott', '700-789-0125', 16, 'Wise', 'bscott99'),
(18, 'Anna Harris', '700-890-1236', 17, 'Western Union', 'aharris12'),
(19, 'Justin Green', '700-901-2347', 18, 'Zelle', 'jgreen'),
(20, 'Olivia Hill', '700-012-3458', 19, 'Wise', 'ohill'),
(21, 'James Baker', '700-123-4569', 20, 'Western Union', 'jbaker54'),
(22, 'Liam Carter', '700-234-5670', 1, 'Zelle', 'lcarter02'),
(23, 'Noah Perez', '700-345-6782', 2, 'Wise', 'nperez12'),
(24, 'Mason Brooks', '700-456-7893', 3, 'Western Union', 'mbrooks'),
(25, 'Ethan Stewart', '700-567-8904', 4, 'Zelle', 'estewart'),
(26, 'Chloe Sanders', '700-678-9015', 5, 'Wise', 'csanders'),
(27, 'Natalie Diaz', '700-789-0126', 6, 'Western Union', 'ndiaz88'),
(28, 'Lucas Simmons', '700-890-1237', 7, 'Zelle', 'lsimmons'),
(29, 'Abigail Rivera', '700-901-2348', 8, 'Wise', 'arivera'),
(30, 'Oliver Long', '700-012-3459', 9, 'Western Union', 'olong32'),
(31, 'Elijah Reed', '700-123-4560', 10, 'Zelle', 'ereed11'),
(32, 'Emma Stone', '700-234-5671', 11, 'Wise', 'estone'),
(33, 'Lily Cooper', '700-345-6782', 12, 'Western Union', 'lcooper'),
(34, 'Mila Torres', '700-456-7893', 13, 'Zelle', 'mtorres'),
(35, 'Ryan Coleman', '700-567-8904', 14, 'Wise', 'rcoleman'),
(36, 'Zoe Bell', '700-678-9015', 15, 'Western Union', 'zbell'),
(37, 'Aiden Murphy', '700-789-0126', 16, 'Zelle', 'amurphy'),
(38, 'David Howard', '700-890-1237', 17, 'Wise', 'dhoward01'),
(39, 'Hannah Ward', '700-901-2348', 18, 'Western Union', 'hward'),
(40, 'Lucy Hughes', '700-012-3459', 19, 'Zelle', 'lhughes'),
(41, 'Lillian Torres', '700-123-4561', 20, 'Wise', 'ltorres'),
(42, 'Maya Ross', '700-234-5672', 1, 'Western Union', 'mross45'),
(43, 'Caleb Richardson', '700-345-6783', 2, 'Zelle', 'crichardson');

INSERT INTO Insurance (insurance_id, name, phone_number, expiry_date, insurance_agent, agent_phone_number) VALUES
('123456', 'Pro Guard Insurance', '800-123-4567', '2025-12-31', 'Agent Smith', '800-987-6543'),
('654321', 'Great American Insurance', '800-234-5678', '2024-06-30', 'Agent Johnson', '800-876-5432'),
('789012', 'Truck Insurance', '800-345-6789', '2026-03-15', 'Agent Williams', '800-765-4321'),
('234567', 'Progressive Commercial', '800-456-7890', '2025-08-22', 'Agent Brown', '800-654-3210'),
('345678', 'National Indemnity', '800-567-8901', '2025-11-14', 'Agent Garcia', '800-543-2109'),
('456789', 'GEICO Commercial', '800-678-9012', '2026-02-25', 'Agent Martinez', '800-432-1098'),
('567890', 'Berkshire Hathaway', '800-789-0123', '2026-07-10', 'Agent Rodriguez', '800-321-0987'),
('678901', 'Liberty Mutual', '800-890-1234', '2025-05-05', 'Agent Lopez', '800-210-9876'),
('789012', 'Nationwide', '800-901-2345', '2025-09-18', 'Agent Gonzalez', '800-109-8765'),
('890123', 'State Farm', '800-012-3456', '2026-01-01', 'Agent Wilson', '800-987-6543'),
('901234', 'Travelers Insurance', '800-123-4568', '2026-12-12', 'Agent Anderson', '800-876-5432'),
('012345', 'Farmers Insurance', '800-234-5679', '2025-03-30', 'Agent Thomas', '800-765-4321'),
('112233', 'USAA Insurance', '800-345-6781', '2026-04-15', 'Agent Taylor', '800-654-3210'),
('223344', 'Allstate Insurance', '800-456-7892', '2025-10-05', 'Agent Moore', '800-543-2109'),
('334455', 'American Family Insurance', '800-567-8903', '2025-06-25', 'Agent Martin', '800-432-1098'),
('445566', 'The Hartford', '800-678-9014', '2026-08-08', 'Agent Jackson', '800-321-0987'),
('556677', 'Old Republic Insurance', '800-789-0125', '2025-07-20', 'Agent White', '800-210-9876'),
('667788', 'Zurich Insurance', '800-890-1236', '2025-02-14', 'Agent Harris', '800-109-8765'),
('778899', 'AIG Insurance', '800-901-2347', '2026-09-27', 'Agent Thompson', '800-098-7654'),
('889900', 'Markel Insurance', '800-012-3458', '2025-11-11', 'Agent Robinson', '800-987-6543');


INSERT INTO Insurance (insurance_id, name, phone_number, expiry_date, insurance_agent, agent_phone_number) VALUES
(1, 'Pro Guard Insurance', '800-123-4567', '2025-12-31', 'Agent Smith', '800-987-6543'),
(2, 'Great American Insurance', '800-234-5678', '2024-06-30', 'Agent Johnson', '800-876-5432'),
(3, 'Truck Insurance', '800-345-6789', '2026-03-15', 'Agent Williams', '800-765-4321'),
(4, 'Progressive Commercial', '800-456-7890', '2025-08-22', 'Agent Brown', '800-654-3210'),
(5, 'National Indemnity', '800-567-8901', '2025-11-14', 'Agent Garcia', '800-543-2109'),
(6, 'GEICO Commercial', '800-678-9012', '2026-02-25', 'Agent Martinez', '800-432-1098'),
(7, 'Berkshire Hathaway', '800-789-0123', '2026-07-10', 'Agent Rodriguez', '800-321-0987'),
(8, 'Liberty Mutual', '800-890-1234', '2025-05-05', 'Agent Lopez', '800-210-9876'),
(9, 'Nationwide', '800-901-2345', '2025-09-18', 'Agent Gonzalez', '800-109-8765'),
(10, 'State Farm', '800-012-3456', '2026-01-01', 'Agent Wilson', '800-987-6543'),
(11, 'Travelers Insurance', '800-123-4568', '2026-12-12', 'Agent Anderson', '800-876-5432'),
(12, 'Farmers Insurance', '800-234-5679', '2025-03-30', 'Agent Thomas', '800-765-4321'),
(13, 'USAA Insurance', '800-345-6781', '2026-04-15', 'Agent Taylor', '800-654-3210'),
(14, 'Allstate Insurance', '800-456-7892', '2025-10-05', 'Agent Moore', '800-543-2109'),
(15, 'American Family Insurance', '800-567-8903', '2025-06-25', 'Agent Martin', '800-432-1098'),
(16, 'The Hartford', '800-678-9014', '2026-08-08', 'Agent Jackson', '800-321-0987'),
(17, 'Old Republic Insurance', '800-789-0125', '2025-07-20', 'Agent White', '800-210-9876'),
(18, 'Zurich Insurance', '800-890-1236', '2025-02-14', 'Agent Harris', '800-109-8765'),
(19, 'AIG Insurance', '800-901-2347', '2026-09-27', 'Agent Thompson', '800-098-7654'),
(20, 'Markel Insurance', '800-012-3458', '2025-11-11', 'Agent Robinson', '800-987-6543');


INSERT INTO Trucks (truck_id, make, model, vin, license_plate, registration, physical_insurance, owner, expenses, driver_id) VALUES
(1, 'Freightliner', 'Cascadia', '1FTMF1E13MKD00100', 'AB1234', 'REG56789', 'INS123456', 'John Doe', 10000.50, 1),
(2, 'Volvo', 'VNL', '2FTMF1E13MKD00200', 'CD5678', 'REG98765', 'INS654321', 'Jane Smith', 12500.00, 2),
(3, 'Kenworth', 'T680', '3FTMF1E13MKD00300', 'EF9012', 'REG12345', 'INS789012', 'Alice Brown', 9800.75, 3),
(4, 'Peterbilt', '579', '4FTMF1E13MKD00400', 'GH3456', 'REG45678', 'INS234567', 'Michael King', 11200.25, 4),
(5, 'Mack', 'Anthem', '5FTMF1E13MKD00500', 'IJ5678', 'REG87654', 'INS345678', 'Sarah Lee', 13450.60, 5),
(6, 'Western Star', '4900', '6FTMF1E13MKD00600', 'KL7890', 'REG23456', 'INS456789', 'David Parker', 9800.00, 6),
(7, 'Freightliner', 'M2', '7FTMF1E13MKD00700', 'MN0123', 'REG54321', 'INS567890', 'Emily White', 15000.75, 7),
(8, 'Volvo', 'VNR', '8FTMF1E13MKD00800', 'OP3456', 'REG67890', 'INS678901', 'Chris Brown', 12900.90, 8),
(9, 'Kenworth', 'W900', '9FTMF1E13MKD00900', 'QR6789', 'REG34567', 'INS789012', 'Linda Green', 9900.25, 9),
(10, 'Peterbilt', '389', 'AFTMF1E13MKD01000', 'ST9012', 'REG12389', 'INS890123', 'George Black', 14500.40, 10),
(11, 'Mack', 'Pinnacle', 'BFTMF1E13MKD01100', 'UV1234', 'REG45632', 'INS901234', 'Anna Gray', 11750.00, 11),
(12, 'Western Star', '5700', 'CFTMF1E13MKD01200', 'WX3456', 'REG67821', 'INS012345', 'Kevin Brown', 13000.50, 12),
(13, 'Freightliner', '108SD', 'DFTMF1E13MKD01300', 'YZ5678', 'REG23490', 'INS123456', 'Natalie Jones', 11300.80, 13),
(14, 'Volvo', 'FH16', 'EFTMF1E13MKD01400', 'AB7890', 'REG34521', 'INS234567', 'Oscar White', 12550.60, 14),
(15, 'Kenworth', 'T880', 'FFTMF1E13MKD01500', 'CD0123', 'REG45678', 'INS345678', 'Isabella Turner', 10800.75, 15),
(16, 'Peterbilt', '567', 'GFTMF1E13MKD01600', 'EF3456', 'REG56789', 'INS456789', 'Robert Young', 9900.25, 16),
(17, 'Mack', 'Granite', 'HFTMF1E13MKD01700', 'GH6789', 'REG12345', 'INS567890', 'Samantha Black', 13600.45, 17),
(18, 'Western Star', '6900', 'IFTMF1E13MKD01800', 'IJ9012', 'REG45678', 'INS678901', 'James White', 12800.90, 18),
(19, 'Freightliner', '114SD', 'JFTMF1E13MKD01900', 'KL1234', 'REG78901', 'INS789012', 'Elizabeth Clark', 14000.00, 19),
(20, 'Volvo', 'FH12', 'KFTMF1E13MKD02000', 'MN5678', 'REG34567', 'INS890123', 'Victor Wilson', 15500.00, 20),
(21, 'Kenworth', 'C500', 'LFTMF1E13MKD02100', 'OP6789', 'REG56789', 'INS123456', 'William Hall', 12200.50, 21),
(22, 'Peterbilt', '579', 'MFTMF1E13MKD02200', 'QR7890', 'REG67890', 'INS234567', 'Edward Scott', 11000.75, 22),
(23, 'Mack', 'Granite', 'NFTMF1E13MKD02300', 'ST0123', 'REG78901', 'INS345678', 'Olivia Hughes', 10450.30, 23),
(24, 'Western Star', '4900', 'OFTMF1E13MKD02400', 'UV3456', 'REG12345', 'INS456789', 'Emma Reed', 13900.85, 24),
(25, 'Freightliner', '122SD', 'PFTMF1E13MKD02500', 'WX6789', 'REG23456', 'INS567890', 'Noah Brooks', 9900.25, 25),
(26, 'Volvo', 'FMX', 'QFTMF1E13MKD02600', 'YZ0123', 'REG34567', 'INS678901', 'Liam Bennett', 10200.45, 26),
(27, 'Kenworth', 'T700', 'RFTMF1E13MKD02700', 'AB3456', 'REG45678', 'INS789012', 'Henry Butler', 9500.00, 27),
(28, 'Peterbilt', '389', 'SFTMF1E13MKD02800', 'CD6789', 'REG56789', 'INS890123', 'Mason Foster', 12750.60, 28),
(29, 'Mack', 'CHU613', 'TFTMF1E13MKD02900', 'EF9012', 'REG67890', 'INS012345', 'Lucas Powell', 10900.40, 29),
(30, 'Western Star', '5700', 'UFTMF1E13MKD03000', 'GH1234', 'REG78901', 'INS123456', 'Jackson Hayes', 12000.25, 30),
(31, 'Freightliner', 'Cascadia', 'VFTMF1E13MKD03100', 'IJ5678', 'REG12345', 'INS234567', 'Sophia Morgan', 10050.55, 31),
(32, 'Volvo', 'VNR', 'WFTMF1E13MKD03200', 'KL7890', 'REG23456', 'INS345678', 'Amelia Coleman', 11200.00, 32),
(33, 'Kenworth', 'T800', 'XFTMF1E13MKD03300', 'MN0123', 'REG34567', 'INS456789', 'Ella Fisher', 11450.75, 33),
(34, 'Peterbilt', '567', 'YFTMF1E13MKD03400', 'OP3456', 'REG45678', 'INS567890', 'Avery Wood', 12600.60, 34),
(35, 'Mack', 'Anthem', 'ZFTMF1E13MKD03500', 'QR6789', 'REG56789', 'INS678901', 'Lily Henderson', 10500.00, 35),
(36, 'Western Star', '4900', 'A1FTMF1E13MKD03600', 'ST9012', 'REG67890', 'INS789012', 'Zoe Peterson', 13700.55, 36),
(37, 'Freightliner', 'M2', 'B1FTMF1E13MKD03700', 'UV1234', 'REG78901', 'INS890123', 'Nathan Myers', 10350.80, 37),
(38, 'Volvo', 'VNL', 'C1FTMF1E13MKD03800', 'WX3456', 'REG12345', 'INS012345', 'Madison Evans', 10750.65, 38),
(39, 'Kenworth', 'T700', 'D1FTMF1E13MKD03900', 'YZ5678', 'REG23456', 'INS123456', 'Owen Bell', 11800.75, 39),
(40, 'Peterbilt', '579', 'E1FTMF1E13MKD04000', 'AB7890', 'REG34567', 'INS234567', 'Jack Kelly', 13000.25, 40),
(41, 'Mack', 'CH613', 'F1FTMF1E13MKD04100', 'CD0123', 'REG45678', 'INS345678', 'Evelyn Reed', 12250.00, 41),
(42, 'Western Star', '5700', 'G1FTMF1E13MKD04200', 'EF3456', 'REG56789', 'INS456789', 'Harper Watson', 11900.30, 42),
(43, 'Freightliner', '108SD', 'H1FTMF1E13MKD04300', 'GH6789', 'REG67890', 'INS567890', 'Lillian Sanders', 12850.80, 43);
